ID,invoiceNumber,account_ID,invoiceDate,dueDate,billingPeriodFrom,billingPeriodTo,invoiceType,status,totalAmount,taxAmount,taxRateApplied,amountCleared,amountOutstanding,consumptionM3,meterReadPrevious,meterReadCurrent,meterReadType,sourceSystem,einvoiceRequired,einvoiceStatus
b2000001-0001-4000-8000-000000000001,INV-202512-00001,a1000001-0001-4000-8000-000000000001,2025-12-05,2025-12-26,2025-11-01,2025-11-30,STANDARD,CLEARED,42.50,0.00,0.00,42.50,0.00,18.000,1200.000,1218.000,ACTUAL,IWRS,false,NOT_REQUIRED
b2000001-0001-4000-8000-000000000002,INV-202601-00001,a1000001-0001-4000-8000-000000000001,2026-01-05,2026-01-26,2025-12-01,2025-12-31,STANDARD,CLEARED,45.50,0.00,0.00,45.50,0.00,20.000,1218.000,1238.000,ACTUAL,IWRS,false,NOT_REQUIRED
b2000001-0001-4000-8000-000000000003,INV-202602-00001,a1000001-0001-4000-8000-000000000001,2026-02-05,2026-02-26,2026-01-01,2026-01-31,STANDARD,CLEARED,38.20,0.00,0.00,38.20,0.00,16.000,1238.000,1254.000,ACTUAL,IWRS,false,NOT_REQUIRED
b2000001-0001-4000-8000-000000000004,INV-202512-00002,a1000001-0001-4000-8000-000000000002,2025-12-05,2025-12-26,2025-11-01,2025-11-30,STANDARD,CLEARED,38.20,0.00,0.00,38.20,0.00,15.000,800.000,815.000,ACTUAL,IWRS,false,NOT_REQUIRED
b2000001-0001-4000-8000-000000000005,INV-202601-00002,a1000001-0001-4000-8000-000000000002,2026-01-05,2026-01-26,2025-12-01,2025-12-31,STANDARD,CLEARED,35.60,0.00,0.00,35.60,0.00,14.000,815.000,829.000,ACTUAL,IWRS,false,NOT_REQUIRED
b2000001-0001-4000-8000-000000000006,INV-202602-00002,a1000001-0001-4000-8000-000000000002,2026-02-05,2026-02-26,2026-01-01,2026-01-31,STANDARD,OPEN,32.40,0.00,0.00,0.00,32.40,13.000,829.000,842.000,ACTUAL,IWRS,false,NOT_REQUIRED
b2000001-0001-4000-8000-000000000007,INV-202512-00003,a1000001-0001-4000-8000-000000000003,2025-12-05,2025-12-26,2025-11-01,2025-11-30,STANDARD,CLEARED,42.00,0.00,0.00,42.00,0.00,18.000,600.000,618.000,ACTUAL,IWRS,false,NOT_REQUIRED
b2000001-0001-4000-8000-000000000008,INV-202601-00003,a1000001-0001-4000-8000-000000000003,2026-01-05,2026-01-26,2025-12-01,2025-12-31,STANDARD,CLEARED,40.30,0.00,0.00,40.30,0.00,17.000,618.000,635.000,ACTUAL,IWRS,false,NOT_REQUIRED
b2000001-0001-4000-8000-000000000009,INV-202602-00003,a1000001-0001-4000-8000-000000000003,2026-02-05,2026-02-26,2026-01-01,2026-01-31,STANDARD,OPEN,48.70,0.00,0.00,0.00,48.70,22.000,635.000,657.000,ACTUAL,IWRS,false,NOT_REQUIRED
b2000001-0001-4000-8000-000000000010,INV-202512-00004,a1000001-0001-4000-8000-000000000004,2025-12-05,2025-12-26,2025-11-01,2025-11-30,STANDARD,CLEARED,52.10,0.00,0.00,52.10,0.00,24.000,450.000,474.000,ACTUAL,IWRS,false,NOT_REQUIRED
b2000001-0001-4000-8000-000000000011,INV-202601-00004,a1000001-0001-4000-8000-000000000004,2026-01-05,2026-01-26,2025-12-01,2025-12-31,STANDARD,CLEARED,48.90,0.00,0.00,48.90,0.00,22.000,474.000,496.000,ACTUAL,IWRS,false,NOT_REQUIRED
b2000001-0001-4000-8000-000000000012,INV-202602-00004,a1000001-0001-4000-8000-000000000004,2026-02-05,2026-02-26,2026-01-01,2026-01-31,STANDARD,OPEN,15.30,0.00,0.00,0.00,15.30,12.000,496.000,508.000,ACTUAL,IWRS,false,NOT_REQUIRED
b2000001-0001-4000-8000-000000000013,INV-202512-00005,a1000001-0001-4000-8000-000000000005,2025-12-05,2025-12-26,2025-11-01,2025-11-30,STANDARD,CLEARED,35.80,0.00,0.00,35.80,0.00,14.000,320.000,334.000,ACTUAL,IWRS,false,NOT_REQUIRED
b2000001-0001-4000-8000-000000000014,INV-202601-00005,a1000001-0001-4000-8000-000000000005,2026-01-05,2026-01-26,2025-12-01,2025-12-31,STANDARD,CLEARED,32.50,0.00,0.00,32.50,0.00,13.000,334.000,347.000,ACTUAL,IWRS,false,NOT_REQUIRED
b2000001-0001-4000-8000-000000000015,INV-202602-00005,a1000001-0001-4000-8000-000000000005,2026-02-05,2026-02-26,2026-01-01,2026-01-31,STANDARD,CLEARED,30.10,0.00,0.00,30.10,0.00,12.000,347.000,359.000,ACTUAL,IWRS,false,NOT_REQUIRED
b2000001-0001-4000-8000-000000000016,INV-202512-00006,a1000001-0001-4000-8000-000000000006,2025-12-05,2025-12-26,2025-11-01,2025-11-30,STANDARD,CLEARED,40.50,0.00,0.00,40.50,0.00,17.000,500.000,517.000,ACTUAL,IWRS,false,NOT_REQUIRED
b2000001-0001-4000-8000-000000000017,INV-202601-00006,a1000001-0001-4000-8000-000000000006,2026-01-05,2026-01-26,2025-12-01,2025-12-31,STANDARD,CLEARED,38.00,0.00,0.00,38.00,0.00,16.000,517.000,533.000,ACTUAL,IWRS,false,NOT_REQUIRED
b2000001-0001-4000-8000-000000000018,INV-202602-00006,a1000001-0001-4000-8000-000000000006,2026-02-05,2026-02-26,2026-01-01,2026-01-31,STANDARD,OPEN,25.60,0.00,0.00,0.00,25.60,10.000,533.000,543.000,ACTUAL,IWRS,false,NOT_REQUIRED
b2000001-0001-4000-8000-000000000019,INV-202512-00007,a1000001-0001-4000-8000-000000000007,2025-12-05,2025-12-26,2025-11-01,2025-11-30,STANDARD,CLEARED,28.90,0.00,0.00,28.90,0.00,11.000,200.000,211.000,ACTUAL,IWRS,false,NOT_REQUIRED
b2000001-0001-4000-8000-000000000020,INV-202601-00007,a1000001-0001-4000-8000-000000000007,2026-01-05,2026-01-26,2025-12-01,2025-12-31,STANDARD,CLEARED,25.40,0.00,0.00,25.40,0.00,10.000,211.000,221.000,ACTUAL,IWRS,false,NOT_REQUIRED
b2000001-0001-4000-8000-000000000021,INV-202602-00007,a1000001-0001-4000-8000-000000000007,2026-02-05,2026-02-26,2026-01-01,2026-01-31,STANDARD,CLEARED,27.60,0.00,0.00,27.60,0.00,11.000,221.000,232.000,ACTUAL,IWRS,false,NOT_REQUIRED
b2000001-0001-4000-8000-000000000022,INV-202512-00008,a1000001-0001-4000-8000-000000000008,2025-12-05,2025-12-26,2025-11-01,2025-11-30,STANDARD,CLEARED,33.40,0.00,0.00,33.40,0.00,13.000,150.000,163.000,ACTUAL,IWRS,false,NOT_REQUIRED
b2000001-0001-4000-8000-000000000023,INV-202601-00008,a1000001-0001-4000-8000-000000000008,2026-01-05,2026-01-26,2025-12-01,2025-12-31,STANDARD,CLEARED,30.20,0.00,0.00,30.20,0.00,12.000,163.000,175.000,ACTUAL,IWRS,false,NOT_REQUIRED
b2000001-0001-4000-8000-000000000024,INV-202602-00008,a1000001-0001-4000-8000-000000000008,2026-02-05,2026-02-26,2026-01-01,2026-01-31,STANDARD,OPEN,38.50,0.00,0.00,0.00,38.50,16.000,175.000,191.000,ACTUAL,IWRS,false,NOT_REQUIRED
b2000001-0001-4000-8000-000000000025,INV-202512-00009,a1000001-0001-4000-8000-000000000009,2025-12-05,2025-12-26,2025-11-01,2025-11-30,STANDARD,CLEARED,55.00,0.00,0.00,55.00,0.00,25.000,900.000,925.000,ACTUAL,IWRS,false,NOT_REQUIRED
b2000001-0001-4000-8000-000000000026,INV-202601-00009,a1000001-0001-4000-8000-000000000009,2026-01-05,2026-01-26,2025-12-01,2025-12-31,STANDARD,CLEARED,48.30,0.00,0.00,48.30,0.00,22.000,925.000,947.000,ACTUAL,IWRS,false,NOT_REQUIRED
b2000001-0001-4000-8000-000000000027,INV-202602-00009,a1000001-0001-4000-8000-000000000009,2026-02-05,2026-02-26,2026-01-01,2026-01-31,STANDARD,CLEARED,45.80,0.00,0.00,45.80,0.00,20.000,947.000,967.000,ACTUAL,IWRS,false,NOT_REQUIRED
b2000001-0001-4000-8000-000000000028,INV-202512-00010,a1000001-0001-4000-8000-000000000010,2025-12-05,2025-12-26,2025-11-01,2025-11-30,STANDARD,CLEARED,47.60,0.00,0.00,47.60,0.00,21.000,700.000,721.000,ACTUAL,IWRS,false,NOT_REQUIRED
b2000001-0001-4000-8000-000000000029,INV-202601-00010,a1000001-0001-4000-8000-000000000010,2026-01-05,2026-01-26,2025-12-01,2025-12-31,STANDARD,CLEARED,44.80,0.00,0.00,44.80,0.00,20.000,721.000,741.000,ACTUAL,IWRS,false,NOT_REQUIRED
b2000001-0001-4000-8000-000000000030,INV-202602-00010,a1000001-0001-4000-8000-000000000010,2026-02-05,2026-02-26,2026-01-01,2026-01-31,STANDARD,OPEN,42.30,0.00,0.00,0.00,42.30,19.000,741.000,760.000,ACTUAL,IWRS,false,NOT_REQUIRED
b2000001-0001-4000-8000-000000000031,INV-202512-00011,a1000001-0001-4000-8000-000000000011,2025-12-05,2025-12-26,2025-11-01,2025-11-30,STANDARD,CLEARED,45.00,0.00,0.00,45.00,0.00,20.000,400.000,420.000,ACTUAL,IWRS,false,NOT_REQUIRED
b2000001-0001-4000-8000-000000000032,INV-202601-00011,a1000001-0001-4000-8000-000000000011,2026-01-05,2026-01-26,2025-12-01,2025-12-31,STANDARD,OPEN,62.20,0.00,0.00,0.00,62.20,28.000,420.000,448.000,ACTUAL,IWRS,false,NOT_REQUIRED
b2000001-0001-4000-8000-000000000033,INV-202602-00011,a1000001-0001-4000-8000-000000000011,2026-02-05,2026-02-26,2026-01-01,2026-01-31,STANDARD,OPEN,63.20,0.00,0.00,0.00,63.20,29.000,448.000,477.000,ACTUAL,IWRS,false,NOT_REQUIRED
b2000001-0001-4000-8000-000000000034,INV-202512-00012,a1000001-0001-4000-8000-000000000012,2025-12-05,2025-12-26,2025-11-01,2025-11-30,STANDARD,CLEARED,38.00,0.00,0.00,38.00,0.00,16.000,350.000,366.000,ACTUAL,IWRS,false,NOT_REQUIRED
b2000001-0001-4000-8000-000000000035,INV-202601-00012,a1000001-0001-4000-8000-000000000012,2026-01-05,2026-01-26,2025-12-01,2025-12-31,STANDARD,PARTIAL,55.80,0.00,0.00,20.00,35.80,25.000,366.000,391.000,ACTUAL,IWRS,false,NOT_REQUIRED
b2000001-0001-4000-8000-000000000036,INV-202602-00012,a1000001-0001-4000-8000-000000000012,2026-02-05,2026-02-26,2026-01-01,2026-01-31,STANDARD,OPEN,53.90,0.00,0.00,0.00,53.90,24.000,391.000,415.000,ACTUAL,IWRS,false,NOT_REQUIRED
b2000001-0001-4000-8000-000000000037,INV-202512-00013,a1000001-0001-4000-8000-000000000013,2025-12-05,2025-12-26,2025-11-01,2025-11-30,STANDARD,CLEARED,42.50,0.00,0.00,42.50,0.00,18.000,300.000,318.000,ACTUAL,IWRS,false,NOT_REQUIRED
b2000001-0001-4000-8000-000000000038,INV-202601-00013,a1000001-0001-4000-8000-000000000013,2026-01-05,2026-01-26,2025-12-01,2025-12-31,STANDARD,OPEN,68.30,0.00,0.00,0.00,68.30,30.000,318.000,348.000,ACTUAL,IWRS,false,NOT_REQUIRED
b2000001-0001-4000-8000-000000000039,INV-202602-00013,a1000001-0001-4000-8000-000000000013,2026-02-05,2026-02-26,2026-01-01,2026-01-31,STANDARD,OPEN,72.00,0.00,0.00,0.00,72.00,30.000,348.000,378.000,ESTIMATED,IWRS,false,NOT_REQUIRED
b2000001-0001-4000-8000-000000000040,INV-202512-00014,a1000001-0001-4000-8000-000000000014,2025-12-05,2025-12-26,2025-11-01,2025-11-30,STANDARD,CLEARED,35.00,0.00,0.00,35.00,0.00,14.000,250.000,264.000,ACTUAL,IWRS,false,NOT_REQUIRED
b2000001-0001-4000-8000-000000000041,INV-202601-00014,a1000001-0001-4000-8000-000000000014,2026-01-05,2026-01-26,2025-12-01,2025-12-31,STANDARD,PARTIAL,52.40,0.00,0.00,20.00,32.40,24.000,264.000,288.000,ACTUAL,IWRS,false,NOT_REQUIRED
b2000001-0001-4000-8000-000000000042,INV-202602-00014,a1000001-0001-4000-8000-000000000014,2026-02-05,2026-02-26,2026-01-01,2026-01-31,STANDARD,OPEN,54.40,0.00,0.00,0.00,54.40,25.000,288.000,313.000,ACTUAL,IWRS,false,NOT_REQUIRED
b2000001-0001-4000-8000-000000000043,INV-202512-00015,a1000001-0001-4000-8000-000000000015,2025-12-05,2025-12-26,2025-11-01,2025-11-30,STANDARD,CLEARED,30.00,0.00,0.00,30.00,0.00,12.000,180.000,192.000,ACTUAL,IWRS,false,NOT_REQUIRED
b2000001-0001-4000-8000-000000000044,INV-202601-00015,a1000001-0001-4000-8000-000000000015,2026-01-05,2026-01-26,2025-12-01,2025-12-31,STANDARD,OPEN,48.20,0.00,0.00,0.00,48.20,22.000,192.000,214.000,ACTUAL,IWRS,false,NOT_REQUIRED
b2000001-0001-4000-8000-000000000045,INV-202602-00015,a1000001-0001-4000-8000-000000000015,2026-02-05,2026-02-26,2026-01-01,2026-01-31,STANDARD,OPEN,47.00,0.00,0.00,0.00,47.00,21.000,214.000,235.000,ACTUAL,IWRS,false,NOT_REQUIRED
b2000001-0001-4000-8000-000000000046,INV-202512-00016,a1000001-0001-4000-8000-000000000016,2025-12-05,2025-12-26,2025-11-01,2025-11-30,STANDARD,CLEARED,40.00,0.00,0.00,40.00,0.00,17.000,550.000,567.000,ACTUAL,IWRS,false,NOT_REQUIRED
b2000001-0001-4000-8000-000000000047,INV-202601-00016,a1000001-0001-4000-8000-000000000016,2026-01-05,2026-01-26,2025-12-01,2025-12-31,STANDARD,OPEN,78.90,0.00,0.00,0.00,78.90,30.000,567.000,597.000,ACTUAL,IWRS,false,NOT_REQUIRED
b2000001-0001-4000-8000-000000000048,INV-202602-00016,a1000001-0001-4000-8000-000000000016,2026-02-05,2026-02-26,2026-01-01,2026-01-31,STANDARD,OPEN,80.00,0.00,0.00,0.00,80.00,30.000,597.000,627.000,ESTIMATED,IWRS,false,NOT_REQUIRED
b2000001-0001-4000-8000-000000000049,INV-202512-00017,a1000001-0001-4000-8000-000000000017,2025-12-05,2025-12-26,2025-11-01,2025-11-30,STANDARD,CLEARED,35.00,0.00,0.00,35.00,0.00,14.000,100.000,114.000,ACTUAL,IWRS,false,NOT_REQUIRED
b2000001-0001-4000-8000-000000000050,INV-202601-00017,a1000001-0001-4000-8000-000000000017,2026-01-05,2026-01-26,2025-12-01,2025-12-31,STANDARD,OPEN,75.60,0.00,0.00,0.00,75.60,30.000,114.000,144.000,ACTUAL,IWRS,false,NOT_REQUIRED
b2000001-0001-4000-8000-000000000051,INV-202602-00017,a1000001-0001-4000-8000-000000000017,2026-02-05,2026-02-26,2026-01-01,2026-01-31,STANDARD,OPEN,80.00,0.00,0.00,0.00,80.00,30.000,144.000,174.000,ACTUAL,IWRS,false,NOT_REQUIRED
b2000001-0001-4000-8000-000000000052,INV-202512-00018,a1000001-0001-4000-8000-000000000018,2025-12-05,2025-12-26,2025-11-01,2025-11-30,STANDARD,CLEARED,50.00,0.00,0.00,50.00,0.00,23.000,430.000,453.000,ACTUAL,IWRS,false,NOT_REQUIRED
b2000001-0001-4000-8000-000000000053,INV-202601-00018,a1000001-0001-4000-8000-000000000018,2026-01-05,2026-01-26,2025-12-01,2025-12-31,STANDARD,PARTIAL,72.30,0.00,0.00,20.00,52.30,30.000,453.000,483.000,ACTUAL,IWRS,false,NOT_REQUIRED
b2000001-0001-4000-8000-000000000054,INV-202602-00018,a1000001-0001-4000-8000-000000000018,2026-02-05,2026-02-26,2026-01-01,2026-01-31,STANDARD,OPEN,60.00,0.00,0.00,0.00,60.00,27.000,483.000,510.000,ACTUAL,IWRS,false,NOT_REQUIRED
b2000001-0001-4000-8000-000000000055,INV-202512-00019,a1000001-0001-4000-8000-000000000019,2025-12-05,2025-12-26,2025-11-01,2025-11-30,STANDARD,CLEARED,32.00,0.00,0.00,32.00,0.00,13.000,220.000,233.000,ACTUAL,IWRS,false,NOT_REQUIRED
b2000001-0001-4000-8000-000000000056,INV-202601-00019,a1000001-0001-4000-8000-000000000019,2026-01-05,2026-01-26,2025-12-01,2025-12-31,STANDARD,OPEN,69.50,0.00,0.00,0.00,69.50,30.000,233.000,263.000,ACTUAL,IWRS,false,NOT_REQUIRED
b2000001-0001-4000-8000-000000000057,INV-202602-00019,a1000001-0001-4000-8000-000000000019,2026-02-05,2026-02-26,2026-01-01,2026-01-31,STANDARD,OPEN,70.00,0.00,0.00,0.00,70.00,30.000,263.000,293.000,ACTUAL,IWRS,false,NOT_REQUIRED
b2000001-0001-4000-8000-000000000058,INV-202512-00020,a1000001-0001-4000-8000-000000000020,2025-12-05,2025-12-26,2025-11-01,2025-11-30,STANDARD,CLEARED,45.00,0.00,0.00,45.00,0.00,20.000,380.000,400.000,ACTUAL,IWRS,false,NOT_REQUIRED
b2000001-0001-4000-8000-000000000059,INV-202601-00020,a1000001-0001-4000-8000-000000000020,2026-01-05,2026-01-26,2025-12-01,2025-12-31,STANDARD,OPEN,77.80,0.00,0.00,0.00,77.80,30.000,400.000,430.000,ACTUAL,IWRS,false,NOT_REQUIRED
b2000001-0001-4000-8000-000000000060,INV-202602-00020,a1000001-0001-4000-8000-000000000020,2026-02-05,2026-02-26,2026-01-01,2026-01-31,STANDARD,OPEN,80.00,0.00,0.00,0.00,80.00,30.000,430.000,460.000,ESTIMATED,IWRS,false,NOT_REQUIRED
b2000001-0001-4000-8000-000000000061,INV-202512-00021,a1000001-0001-4000-8000-000000000021,2025-12-05,2025-12-26,2025-11-01,2025-11-30,STANDARD,PARTIAL,28.00,0.00,0.00,10.00,18.00,11.000,560.000,571.000,ACTUAL,IWRS,false,NOT_REQUIRED
b2000001-0001-4000-8000-000000000062,INV-202601-00021,a1000001-0001-4000-8000-000000000021,2026-01-05,2026-01-26,2025-12-01,2025-12-31,STANDARD,OPEN,72.40,0.00,0.00,0.00,72.40,30.000,571.000,601.000,ACTUAL,IWRS,false,NOT_REQUIRED
b2000001-0001-4000-8000-000000000063,INV-202602-00021,a1000001-0001-4000-8000-000000000021,2026-02-05,2026-02-26,2026-01-01,2026-01-31,STANDARD,OPEN,80.00,0.00,0.00,0.00,80.00,30.000,601.000,631.000,ACTUAL,IWRS,false,NOT_REQUIRED
b2000001-0001-4000-8000-000000000064,INV-202512-00022,a1000001-0001-4000-8000-000000000022,2025-12-05,2025-12-26,2025-11-01,2025-11-30,STANDARD,PARTIAL,55.00,0.00,0.00,20.00,35.00,25.000,640.000,665.000,ACTUAL,IWRS,false,NOT_REQUIRED
b2000001-0001-4000-8000-000000000065,INV-202601-00022,a1000001-0001-4000-8000-000000000022,2026-01-05,2026-01-26,2025-12-01,2025-12-31,STANDARD,OPEN,75.90,0.00,0.00,0.00,75.90,30.000,665.000,695.000,ACTUAL,IWRS,false,NOT_REQUIRED
b2000001-0001-4000-8000-000000000066,INV-202602-00022,a1000001-0001-4000-8000-000000000022,2026-02-05,2026-02-26,2026-01-01,2026-01-31,STANDARD,OPEN,80.00,0.00,0.00,0.00,80.00,30.000,695.000,725.000,ACTUAL,IWRS,false,NOT_REQUIRED
b2000001-0001-4000-8000-000000000067,INV-202512-00023,a1000001-0001-4000-8000-000000000023,2025-12-05,2025-12-26,2025-11-01,2025-11-30,STANDARD,CLEARED,38.00,0.00,0.00,38.00,0.00,16.000,270.000,286.000,ACTUAL,IWRS,false,NOT_REQUIRED
b2000001-0001-4000-8000-000000000068,INV-202601-00023,a1000001-0001-4000-8000-000000000023,2026-01-05,2026-01-26,2025-12-01,2025-12-31,STANDARD,OPEN,72.20,0.00,0.00,0.00,72.20,30.000,286.000,316.000,ACTUAL,IWRS,false,NOT_REQUIRED
b2000001-0001-4000-8000-000000000069,INV-202602-00023,a1000001-0001-4000-8000-000000000023,2026-02-05,2026-02-26,2026-01-01,2026-01-31,STANDARD,OPEN,78.00,0.00,0.00,0.00,78.00,30.000,316.000,346.000,ACTUAL,IWRS,false,NOT_REQUIRED
b2000001-0001-4000-8000-000000000070,INV-202512-00024,a1000001-0001-4000-8000-000000000024,2025-12-05,2025-12-26,2025-11-01,2025-11-30,STANDARD,PARTIAL,30.00,0.00,0.00,10.00,20.00,12.000,130.000,142.000,ACTUAL,IWRS,false,NOT_REQUIRED
b2000001-0001-4000-8000-000000000071,INV-202601-00024,a1000001-0001-4000-8000-000000000024,2026-01-05,2026-01-26,2025-12-01,2025-12-31,STANDARD,OPEN,80.00,0.00,0.00,0.00,80.00,30.000,142.000,172.000,ACTUAL,IWRS,false,NOT_REQUIRED
b2000001-0001-4000-8000-000000000072,INV-202602-00024,a1000001-0001-4000-8000-000000000024,2026-02-05,2026-02-26,2026-01-01,2026-01-31,STANDARD,OPEN,80.00,0.00,0.00,0.00,80.00,30.000,172.000,202.000,ESTIMATED,IWRS,false,NOT_REQUIRED
b2000001-0001-4000-8000-000000000073,INV-202512-00025,a1000001-0001-4000-8000-000000000025,2025-12-05,2025-12-26,2025-11-01,2025-11-30,STANDARD,PARTIAL,25.00,0.00,0.00,10.00,15.00,10.000,480.000,490.000,ACTUAL,IWRS,false,NOT_REQUIRED
b2000001-0001-4000-8000-000000000074,INV-202601-00025,a1000001-0001-4000-8000-000000000025,2026-01-05,2026-01-26,2025-12-01,2025-12-31,STANDARD,OPEN,75.00,0.00,0.00,0.00,75.00,30.000,490.000,520.000,ACTUAL,IWRS,false,NOT_REQUIRED
b2000001-0001-4000-8000-000000000075,INV-202602-00025,a1000001-0001-4000-8000-000000000025,2026-02-05,2026-02-26,2026-01-01,2026-01-31,STANDARD,OPEN,80.00,0.00,0.00,0.00,80.00,30.000,520.000,550.000,ACTUAL,IWRS,false,NOT_REQUIRED
b2000001-0001-4000-8000-000000000076,INV-202512-00026,a1000001-0001-4000-8000-000000000026,2025-12-05,2025-12-26,2025-11-01,2025-11-30,STANDARD,OPEN,40.00,0.00,0.00,0.00,40.00,17.000,340.000,357.000,ACTUAL,IWRS,false,NOT_REQUIRED
b2000001-0001-4000-8000-000000000077,INV-202601-00026,a1000001-0001-4000-8000-000000000026,2026-01-05,2026-01-26,2025-12-01,2025-12-31,STANDARD,OPEN,80.00,0.00,0.00,0.00,80.00,30.000,357.000,387.000,ESTIMATED,IWRS,false,NOT_REQUIRED
b2000001-0001-4000-8000-000000000078,INV-202602-00026,a1000001-0001-4000-8000-000000000026,2026-02-05,2026-02-26,2026-01-01,2026-01-31,STANDARD,OPEN,80.00,0.00,0.00,0.00,80.00,30.000,387.000,417.000,ESTIMATED,IWRS,false,NOT_REQUIRED
b2000001-0001-4000-8000-000000000079,INV-202512-00027,a1000001-0001-4000-8000-000000000027,2025-12-05,2025-12-26,2025-11-01,2025-11-30,STANDARD,CLEARED,35.00,0.00,0.00,35.00,0.00,14.000,520.000,534.000,ACTUAL,IWRS,false,NOT_REQUIRED
b2000001-0001-4000-8000-000000000080,INV-202601-00027,a1000001-0001-4000-8000-000000000027,2026-01-05,2026-01-26,2025-12-01,2025-12-31,STANDARD,OPEN,80.00,0.00,0.00,0.00,80.00,30.000,534.000,564.000,ESTIMATED,IWRS,false,NOT_REQUIRED
b2000001-0001-4000-8000-000000000081,INV-202602-00027,a1000001-0001-4000-8000-000000000027,2026-02-05,2026-02-26,2026-01-01,2026-01-31,STANDARD,OPEN,80.00,0.00,0.00,0.00,80.00,30.000,564.000,594.000,ESTIMATED,IWRS,false,NOT_REQUIRED
b2000001-0001-4000-8000-000000000082,INV-202512-00028,a1000001-0001-4000-8000-000000000028,2025-12-05,2025-12-26,2025-11-01,2025-11-30,STANDARD,CLEARED,60.00,0.00,0.00,60.00,0.00,27.000,780.000,807.000,ACTUAL,IWRS,false,NOT_REQUIRED
b2000001-0001-4000-8000-000000000083,INV-202601-00028,a1000001-0001-4000-8000-000000000028,2026-01-05,2026-01-26,2025-12-01,2025-12-31,STANDARD,CLEARED,60.00,0.00,0.00,60.00,0.00,27.000,807.000,834.000,ACTUAL,IWRS,false,NOT_REQUIRED
b2000001-0001-4000-8000-000000000084,INV-202602-00028,a1000001-0001-4000-8000-000000000028,2026-02-05,2026-02-26,2026-01-01,2026-01-31,STANDARD,REVERSED,55.00,0.00,0.00,0.00,0.00,25.000,834.000,859.000,ACTUAL,IWRS,false,NOT_REQUIRED
b2000001-0001-4000-8000-000000000085,INV-202512-00029,a1000001-0001-4000-8000-000000000029,2025-12-05,2025-12-26,2025-11-01,2025-11-30,STANDARD,CLEARED,42.50,0.00,0.00,42.50,0.00,18.000,610.000,628.000,ACTUAL,IWRS,false,NOT_REQUIRED
b2000001-0001-4000-8000-000000000086,INV-202601-00029,a1000001-0001-4000-8000-000000000029,2026-01-05,2026-01-26,2025-12-01,2025-12-31,STANDARD,CLEARED,42.50,0.00,0.00,42.50,0.00,18.000,628.000,646.000,ACTUAL,IWRS,false,NOT_REQUIRED
b2000001-0001-4000-8000-000000000087,INV-202602-00029,a1000001-0001-4000-8000-000000000029,2026-02-05,2026-02-26,2026-01-01,2026-01-31,STANDARD,REVERSED,40.00,0.00,0.00,0.00,0.00,17.000,646.000,663.000,ACTUAL,IWRS,false,NOT_REQUIRED
b2000001-0001-4000-8000-000000000088,INV-202512-00031,a1000001-0001-4000-8000-000000000031,2025-12-05,2025-12-26,2025-11-01,2025-11-30,STANDARD,CLEARED,350.00,0.00,0.00,350.00,0.00,80.000,2000.000,2080.000,ACTUAL,IWRS,true,SUBMITTED
b2000001-0001-4000-8000-000000000089,INV-202601-00031,a1000001-0001-4000-8000-000000000031,2026-01-05,2026-01-26,2025-12-01,2025-12-31,STANDARD,CLEARED,380.50,0.00,0.00,380.50,0.00,90.000,2080.000,2170.000,ACTUAL,IWRS,true,SUBMITTED
b2000001-0001-4000-8000-000000000090,INV-202602-00031,a1000001-0001-4000-8000-000000000031,2026-02-05,2026-02-26,2026-01-01,2026-01-31,STANDARD,OPEN,180.50,0.00,0.00,0.00,180.50,55.000,2170.000,2225.000,ACTUAL,IWRS,true,SUBMITTED
b2000001-0001-4000-8000-000000000091,INV-202512-00032,a1000001-0001-4000-8000-000000000032,2025-12-05,2025-12-26,2025-11-01,2025-11-30,STANDARD,CLEARED,280.00,0.00,0.00,280.00,0.00,65.000,1500.000,1565.000,ACTUAL,IWRS,true,SUBMITTED
b2000001-0001-4000-8000-000000000092,INV-202601-00032,a1000001-0001-4000-8000-000000000032,2026-01-05,2026-01-26,2025-12-01,2025-12-31,STANDARD,PARTIAL,320.70,0.00,0.00,180.00,140.70,75.000,1565.000,1640.000,ACTUAL,IWRS,true,SUBMITTED
b2000001-0001-4000-8000-000000000093,INV-202602-00032,a1000001-0001-4000-8000-000000000032,2026-02-05,2026-02-26,2026-01-01,2026-01-31,STANDARD,OPEN,280.00,0.00,0.00,0.00,280.00,65.000,1640.000,1705.000,ACTUAL,IWRS,true,SUBMITTED
b2000001-0001-4000-8000-000000000094,INV-202512-00033,a1000001-0001-4000-8000-000000000033,2025-12-05,2025-12-26,2025-11-01,2025-11-30,STANDARD,CLEARED,550.00,0.00,0.00,550.00,0.00,120.000,3000.000,3120.000,ACTUAL,IWRS,true,SUBMITTED
b2000001-0001-4000-8000-000000000095,INV-202601-00033,a1000001-0001-4000-8000-000000000033,2026-01-05,2026-01-26,2025-12-01,2025-12-31,STANDARD,CLEARED,520.00,0.00,0.00,520.00,0.00,115.000,3120.000,3235.000,ACTUAL,IWRS,true,SUBMITTED
b2000001-0001-4000-8000-000000000096,INV-202602-00033,a1000001-0001-4000-8000-000000000033,2026-02-05,2026-02-26,2026-01-01,2026-01-31,STANDARD,CLEARED,480.00,0.00,0.00,480.00,0.00,108.000,3235.000,3343.000,ACTUAL,IWRS,true,SUBMITTED
b2000001-0001-4000-8000-000000000097,INV-202512-00034,a1000001-0001-4000-8000-000000000034,2025-12-05,2025-12-26,2025-11-01,2025-11-30,STANDARD,CLEARED,400.00,0.00,0.00,400.00,0.00,95.000,4500.000,4595.000,ACTUAL,IWRS,true,SUBMITTED
b2000001-0001-4000-8000-000000000098,INV-202601-00034,a1000001-0001-4000-8000-000000000034,2026-01-05,2026-01-26,2025-12-01,2025-12-31,STANDARD,OPEN,450.30,0.00,0.00,0.00,450.30,105.000,4595.000,4700.000,ACTUAL,IWRS,true,SUBMITTED
b2000001-0001-4000-8000-000000000099,INV-202602-00034,a1000001-0001-4000-8000-000000000034,2026-02-05,2026-02-26,2026-01-01,2026-01-31,STANDARD,OPEN,440.00,0.00,0.00,0.00,440.00,102.000,4700.000,4802.000,ACTUAL,IWRS,true,SUBMITTED
b2000001-0001-4000-8000-000000000100,INV-202512-00035,a1000001-0001-4000-8000-000000000035,2025-12-05,2025-12-26,2025-11-01,2025-11-30,STANDARD,CLEARED,300.00,0.00,0.00,300.00,0.00,70.000,1800.000,1870.000,ACTUAL,IWRS,true,SUBMITTED
b2000001-0001-4000-8000-000000000101,INV-202601-00035,a1000001-0001-4000-8000-000000000035,2026-01-05,2026-01-26,2025-12-01,2025-12-31,STANDARD,OPEN,245.60,0.00,0.00,0.00,245.60,58.000,1870.000,1928.000,ACTUAL,IWRS,true,SUBMITTED
b2000001-0001-4000-8000-000000000102,INV-202602-00035,a1000001-0001-4000-8000-000000000035,2026-02-05,2026-02-26,2026-01-01,2026-01-31,STANDARD,CLEARED,280.00,0.00,0.00,280.00,0.00,65.000,1928.000,1993.000,ACTUAL,IWRS,true,SUBMITTED
b2000001-0001-4000-8000-000000000103,INV-202512-00036,a1000001-0001-4000-8000-000000000036,2025-12-05,2025-12-26,2025-11-01,2025-11-30,STANDARD,CLEARED,680.00,0.00,0.00,680.00,0.00,150.000,5200.000,5350.000,ACTUAL,IWRS,true,SUBMITTED
b2000001-0001-4000-8000-000000000104,INV-202601-00036,a1000001-0001-4000-8000-000000000036,2026-01-05,2026-01-26,2025-12-01,2025-12-31,STANDARD,CLEARED,650.00,0.00,0.00,650.00,0.00,145.000,5350.000,5495.000,ACTUAL,IWRS,true,SUBMITTED
b2000001-0001-4000-8000-000000000105,INV-202602-00036,a1000001-0001-4000-8000-000000000036,2026-02-05,2026-02-26,2026-01-01,2026-01-31,STANDARD,CLEARED,620.00,0.00,0.00,620.00,0.00,138.000,5495.000,5633.000,ACTUAL,IWRS,true,SUBMITTED
b2000001-0001-4000-8000-000000000106,INV-202512-00037,a1000001-0001-4000-8000-000000000037,2025-12-05,2025-12-26,2025-11-01,2025-11-30,STANDARD,CLEARED,250.00,0.00,0.00,250.00,0.00,58.000,1200.000,1258.000,ACTUAL,IWRS,true,SUBMITTED
b2000001-0001-4000-8000-000000000107,INV-202601-00037,a1000001-0001-4000-8000-000000000037,2026-01-05,2026-01-26,2025-12-01,2025-12-31,STANDARD,OPEN,287.40,0.00,0.00,0.00,287.40,68.000,1258.000,1326.000,ACTUAL,IWRS,true,SUBMITTED
b2000001-0001-4000-8000-000000000108,INV-202602-00037,a1000001-0001-4000-8000-000000000037,2026-02-05,2026-02-26,2026-01-01,2026-01-31,STANDARD,OPEN,280.00,0.00,0.00,0.00,280.00,65.000,1326.000,1391.000,ACTUAL,IWRS,true,SUBMITTED
b2000001-0001-4000-8000-000000000109,INV-202512-00039,a1000001-0001-4000-8000-000000000039,2025-12-05,2025-12-26,2025-11-01,2025-11-30,STANDARD,CLEARED,3500.00,0.00,0.00,3500.00,0.00,800.000,15000.000,15800.000,ACTUAL,IWRS,true,SUBMITTED
b2000001-0001-4000-8000-000000000110,INV-202601-00039,a1000001-0001-4000-8000-000000000039,2026-01-05,2026-01-26,2025-12-01,2025-12-31,STANDARD,CLEARED,3200.00,0.00,0.00,3200.00,0.00,720.000,15800.000,16520.000,ACTUAL,IWRS,true,SUBMITTED
b2000001-0001-4000-8000-000000000111,INV-202602-00039,a1000001-0001-4000-8000-000000000039,2026-02-05,2026-02-26,2026-01-01,2026-01-31,STANDARD,OPEN,1250.00,0.00,0.00,0.00,1250.00,280.000,16520.000,16800.000,ACTUAL,IWRS,true,SUBMITTED
b2000001-0001-4000-8000-000000000112,INV-202512-00040,a1000001-0001-4000-8000-000000000040,2025-12-05,2025-12-26,2025-11-01,2025-11-30,STANDARD,CLEARED,2800.00,0.00,0.00,2800.00,0.00,650.000,12000.000,12650.000,ACTUAL,IWRS,true,SUBMITTED
b2000001-0001-4000-8000-000000000113,INV-202601-00040,a1000001-0001-4000-8000-000000000040,2026-01-05,2026-01-26,2025-12-01,2025-12-31,STANDARD,PARTIAL,3100.50,0.00,0.00,300.00,2800.50,700.000,12650.000,13350.000,ACTUAL,IWRS,true,SUBMITTED
b2000001-0001-4000-8000-000000000114,INV-202602-00040,a1000001-0001-4000-8000-000000000040,2026-02-05,2026-02-26,2026-01-01,2026-01-31,STANDARD,REVERSED,2900.00,0.00,0.00,0.00,0.00,660.000,13350.000,14010.000,ACTUAL,IWRS,true,SUBMITTED
b2000001-0001-4000-8000-000000000115,INV-202512-00041,a1000001-0001-4000-8000-000000000041,2025-12-05,2025-12-26,2025-11-01,2025-11-30,STANDARD,CLEARED,4200.00,0.00,0.00,4200.00,0.00,950.000,20000.000,20950.000,ACTUAL,IWRS,true,SUBMITTED
b2000001-0001-4000-8000-000000000116,INV-202601-00041,a1000001-0001-4000-8000-000000000041,2026-01-05,2026-01-26,2025-12-01,2025-12-31,STANDARD,CLEARED,3800.00,0.00,0.00,3800.00,0.00,860.000,20950.000,21810.000,ACTUAL,IWRS,true,SUBMITTED
b2000001-0001-4000-8000-000000000117,INV-202602-00041,a1000001-0001-4000-8000-000000000041,2026-02-05,2026-02-26,2026-01-01,2026-01-31,STANDARD,CLEARED,4000.00,0.00,0.00,4000.00,0.00,900.000,21810.000,22710.000,ACTUAL,IWRS,true,SUBMITTED
b2000001-0001-4000-8000-000000000118,INV-202512-00042,a1000001-0001-4000-8000-000000000042,2025-12-05,2025-12-26,2025-11-01,2025-11-30,STANDARD,CLEARED,3000.00,0.00,0.00,3000.00,0.00,680.000,18000.000,18680.000,ACTUAL,IWRS,true,SUBMITTED
b2000001-0001-4000-8000-000000000119,INV-202601-00042,a1000001-0001-4000-8000-000000000042,2026-01-05,2026-01-26,2025-12-01,2025-12-31,STANDARD,PARTIAL,3500.00,0.00,0.00,1000.00,2500.00,790.000,18680.000,19470.000,ACTUAL,IWRS,true,SUBMITTED
b2000001-0001-4000-8000-000000000120,INV-202602-00042,a1000001-0001-4000-8000-000000000042,2026-02-05,2026-02-26,2026-01-01,2026-01-31,STANDARD,OPEN,2000.00,0.00,0.00,0.00,2000.00,450.000,19470.000,19920.000,ACTUAL,IWRS,true,SUBMITTED
b2000001-0001-4000-8000-000000000121,INV-202512-00043,a1000001-0001-4000-8000-000000000043,2025-12-05,2025-12-26,2025-11-01,2025-11-30,STANDARD,PARTIAL,2500.00,0.00,0.00,500.00,2000.00,570.000,16000.000,16570.000,ACTUAL,IWRS,true,SUBMITTED
b2000001-0001-4000-8000-000000000122,INV-202601-00043,a1000001-0001-4000-8000-000000000043,2026-01-05,2026-01-26,2025-12-01,2025-12-31,STANDARD,OPEN,3250.30,0.00,0.00,0.00,3250.30,740.000,16570.000,17310.000,ACTUAL,IWRS,true,SUBMITTED
b2000001-0001-4000-8000-000000000123,INV-202602-00043,a1000001-0001-4000-8000-000000000043,2026-02-05,2026-02-26,2026-01-01,2026-01-31,STANDARD,OPEN,3500.00,0.00,0.00,0.00,3500.00,800.000,17310.000,18110.000,ACTUAL,IWRS,true,SUBMITTED
b2000001-0001-4000-8000-000000000124,INV-202512-00044,a1000001-0001-4000-8000-000000000044,2025-12-05,2025-12-26,2025-11-01,2025-11-30,STANDARD,CLEARED,8500.00,0.00,0.00,8500.00,0.00,2500.000,50000.000,52500.000,ACTUAL,IWRS,true,SUBMITTED
b2000001-0001-4000-8000-000000000125,INV-202601-00044,a1000001-0001-4000-8000-000000000044,2026-01-05,2026-01-26,2025-12-01,2025-12-31,STANDARD,CLEARED,9200.00,0.00,0.00,9200.00,0.00,2800.000,52500.000,55300.000,ACTUAL,IWRS,true,SUBMITTED
b2000001-0001-4000-8000-000000000126,INV-202602-00044,a1000001-0001-4000-8000-000000000044,2026-02-05,2026-02-26,2026-01-01,2026-01-31,STANDARD,OPEN,3200.00,0.00,0.00,0.00,3200.00,950.000,55300.000,56250.000,ACTUAL,IWRS,true,SUBMITTED
b2000001-0001-4000-8000-000000000127,INV-202512-00045,a1000001-0001-4000-8000-000000000045,2025-12-05,2025-12-26,2025-11-01,2025-11-30,STANDARD,CLEARED,12000.00,0.00,0.00,12000.00,0.00,3500.000,80000.000,83500.000,ACTUAL,IWRS,true,SUBMITTED
b2000001-0001-4000-8000-000000000128,INV-202601-00045,a1000001-0001-4000-8000-000000000045,2026-01-05,2026-01-26,2025-12-01,2025-12-31,STANDARD,CLEARED,11500.00,0.00,0.00,11500.00,0.00,3350.000,83500.000,86850.000,ACTUAL,IWRS,true,SUBMITTED
b2000001-0001-4000-8000-000000000129,INV-202602-00045,a1000001-0001-4000-8000-000000000045,2026-02-05,2026-02-26,2026-01-01,2026-01-31,STANDARD,CLEARED,10800.00,0.00,0.00,10800.00,0.00,3150.000,86850.000,90000.000,ACTUAL,IWRS,true,SUBMITTED
b2000001-0001-4000-8000-000000000130,INV-202512-00046,a1000001-0001-4000-8000-000000000046,2025-12-05,2025-12-26,2025-11-01,2025-11-30,STANDARD,CLEARED,6500.00,0.00,0.00,6500.00,0.00,1900.000,40000.000,41900.000,ACTUAL,IWRS,true,SUBMITTED
b2000001-0001-4000-8000-000000000131,INV-202601-00046,a1000001-0001-4000-8000-000000000046,2026-01-05,2026-01-26,2025-12-01,2025-12-31,STANDARD,PARTIAL,7200.70,0.00,0.00,4000.00,3200.70,2100.000,41900.000,44000.000,ACTUAL,IWRS,true,SUBMITTED
b2000001-0001-4000-8000-000000000132,INV-202602-00046,a1000001-0001-4000-8000-000000000046,2026-02-05,2026-02-26,2026-01-01,2026-01-31,STANDARD,OPEN,1650.00,0.00,0.00,0.00,1650.00,480.000,44000.000,44480.000,ACTUAL,IWRS,true,SUBMITTED
b2000001-0001-4000-8000-000000000133,INV-202512-00047,a1000001-0001-4000-8000-000000000047,2025-12-05,2025-12-26,2025-11-01,2025-11-30,STANDARD,CLEARED,2200.00,0.00,0.00,2200.00,0.00,500.000,10000.000,10500.000,ACTUAL,IWRS,true,SUBMITTED
b2000001-0001-4000-8000-000000000134,INV-202601-00047,a1000001-0001-4000-8000-000000000047,2026-01-05,2026-01-26,2025-12-01,2025-12-31,STANDARD,CLEARED,1980.00,0.00,0.00,1980.00,0.00,450.000,10500.000,10950.000,ACTUAL,IWRS,true,SUBMITTED
b2000001-0001-4000-8000-000000000135,INV-202602-00047,a1000001-0001-4000-8000-000000000047,2026-02-05,2026-02-26,2026-01-01,2026-01-31,STANDARD,OPEN,1580.00,0.00,0.00,0.00,1580.00,360.000,10950.000,11310.000,ACTUAL,IWRS,true,SUBMITTED
b2000001-0001-4000-8000-000000000136,INV-202512-00048,a1000001-0001-4000-8000-000000000048,2025-12-05,2025-12-26,2025-11-01,2025-11-30,STANDARD,CLEARED,3100.00,0.00,0.00,3100.00,0.00,700.000,14000.000,14700.000,ACTUAL,IWRS,true,SUBMITTED
b2000001-0001-4000-8000-000000000137,INV-202601-00048,a1000001-0001-4000-8000-000000000048,2026-01-05,2026-01-26,2025-12-01,2025-12-31,STANDARD,CLEARED,2850.30,0.00,0.00,2850.30,0.00,640.000,14700.000,15340.000,ACTUAL,IWRS,true,SUBMITTED
b2000001-0001-4000-8000-000000000138,INV-202602-00048,a1000001-0001-4000-8000-000000000048,2026-02-05,2026-02-26,2026-01-01,2026-01-31,STANDARD,OPEN,2750.30,0.00,0.00,0.00,2750.30,620.000,15340.000,15960.000,ACTUAL,IWRS,true,SUBMITTED
b2000001-0001-4000-8000-000000000139,INV-202512-00049,a1000001-0001-4000-8000-000000000049,2025-12-05,2025-12-26,2025-11-01,2025-11-30,STANDARD,CLEARED,1800.00,0.00,0.00,1800.00,0.00,410.000,8000.000,8410.000,ACTUAL,IWRS,true,SUBMITTED
b2000001-0001-4000-8000-000000000140,INV-202601-00049,a1000001-0001-4000-8000-000000000049,2026-01-05,2026-01-26,2025-12-01,2025-12-31,STANDARD,CLEARED,1650.50,0.00,0.00,1650.50,0.00,375.000,8410.000,8785.000,ACTUAL,IWRS,true,SUBMITTED
b2000001-0001-4000-8000-000000000141,INV-202602-00049,a1000001-0001-4000-8000-000000000049,2026-02-05,2026-02-26,2026-01-01,2026-01-31,STANDARD,OPEN,890.50,0.00,0.00,0.00,890.50,200.000,8785.000,8985.000,ACTUAL,IWRS,true,SUBMITTED
b2000001-0001-4000-8000-000000000142,INV-202512-00050,a1000001-0001-4000-8000-000000000050,2025-12-05,2025-12-26,2025-11-01,2025-11-30,STANDARD,CLEARED,2500.00,0.00,0.00,2500.00,0.00,570.000,12000.000,12570.000,ACTUAL,IWRS,true,SUBMITTED
b2000001-0001-4000-8000-000000000143,INV-202601-00050,a1000001-0001-4000-8000-000000000050,2026-01-05,2026-01-26,2025-12-01,2025-12-31,STANDARD,CLEARED,2300.00,0.00,0.00,2300.00,0.00,520.000,12570.000,13090.000,ACTUAL,IWRS,true,SUBMITTED
b2000001-0001-4000-8000-000000000144,INV-202602-00050,a1000001-0001-4000-8000-000000000050,2026-02-05,2026-02-26,2026-01-01,2026-01-31,STANDARD,OPEN,1450.00,0.00,0.00,0.00,1450.00,330.000,13090.000,13420.000,ACTUAL,IWRS,true,SUBMITTED
b2000001-0001-4000-8000-000000000145,INV-202602-00030,a1000001-0001-4000-8000-000000000030,2026-02-05,2026-02-26,2026-01-01,2026-01-31,STANDARD,REVERSED,35.00,0.00,0.00,0.00,0.00,14.000,100.000,114.000,ACTUAL,IWRS,false,NOT_REQUIRED
b2000001-0001-4000-8000-000000000146,INV-202512-00038,a1000001-0001-4000-8000-000000000038,2025-12-05,2025-12-26,2025-11-01,2025-11-30,STANDARD,CLEARED,450.00,0.00,0.00,450.00,0.00,100.000,2500.000,2600.000,ACTUAL,IWRS,true,SUBMITTED
b2000001-0001-4000-8000-000000000147,INV-202601-00038,a1000001-0001-4000-8000-000000000038,2026-01-05,2026-01-26,2025-12-01,2025-12-31,STANDARD,CLEARED,420.00,0.00,0.00,420.00,0.00,95.000,2600.000,2695.000,ACTUAL,IWRS,true,SUBMITTED
b2000001-0001-4000-8000-000000000148,INV-202512-00030,a1000001-0001-4000-8000-000000000030,2025-12-05,2025-12-26,2025-11-01,2025-11-30,STANDARD,REVERSED,30.00,0.00,0.00,0.00,0.00,12.000,50.000,62.000,ACTUAL,IWRS,false,NOT_REQUIRED
b2000001-0001-4000-8000-000000000149,INV-202602-00038,a1000001-0001-4000-8000-000000000038,2026-02-05,2026-02-26,2026-01-01,2026-01-31,STANDARD,HELD_NO_TIN,380.00,0.00,0.00,0.00,380.00,85.000,2695.000,2780.000,ACTUAL,IWRS,true,PENDING
b2000001-0001-4000-8000-000000000150,INV-202601-00030,a1000001-0001-4000-8000-000000000030,2026-01-05,2026-01-26,2025-12-01,2025-12-31,STANDARD,HELD_NO_TIN,28.00,0.00,0.00,0.00,28.00,11.000,62.000,73.000,ACTUAL,IWRS,false,NOT_REQUIRED
